{"Enters":2,"Weights":[[[0.20932057595923914,0.8810181760900249],[0.32912010643698086,-0.12457162562603963]],[[-0.15072500585746862,0.37364614573421884],[-0.8687259615650476,-0.6869614905344175],[-0.8060609621710308,-0.39817627882942586],[0.03042525700413079,0.6272799219801937]],[[-0.5714722548352502,-0.238685621400628,-0.3638836513393403,-0.062220310195153616]]]}