{"Enters":1,"Weights":[[[0.20932492780472647]],[[2.4184156130060366],[2.0216730079180647]],[[4.558648421825537,3.9716832667687587]]]}